path	bytes	sha256
BUILD_RECEIPT.json	5245	4C32901CEEDB6AC59A1924D743B53397D0F0C23E69793BB068B30F071D112928
BUILD_RECEIPT_PRE_TERMINOLOGY.json	4483	9E925BE513654155220845E802E37BC267D4EC0F06082DF859F403D2E9D207E1
CONTAINER_REPLAY.json	2649	647FD449EDABDC94FB36945506884856AF8A53EB1B1ED761CFEB8EB9F1CC114A
CURSOR.json	30959	5609DAC3405E8F5F0032BA3215AC0B49A9F5F1BA7601FA2080B0AFFBFDF0FBB5
DATACITE_RELATIONS.json	31258	D064BCB888C1E9050CF7C00A0F79F39070982A0BE0B3841513759B4DCBC8FB63
HARDENED.md	192058	8BD94144EA7E7ABB408232F5BF020F023F167AEDB58A05FF17720556F7174415
PROGRAM_AUTHORITY.json	38939	EDB58FF83671C3B8B538C527EE33D62646D6262C3F849B894B2AE198060D6992
PROGRAM_CURSOR.json	31152	5EA5870B376E76EFD9468B1B6C213FE2FEF4038FD05AC2B0835DEA4CD69FCF45
PROGRAM_STATE.json	37578	1ABD59EF44B8A76CF6FAFE2BEDAC893E3DF9F64317A14EE72AF0CCE29E9FD274
QA_STATE.json	36600	C97993C9816996603288D6BB5872DB37A70C7EFD6F0BFF7CC9289E2AFF5F1EE5
SOURCE_AUTHORITY.json	31086	58F08248A4E9BB21E8E1826F0A7BF52FD40703D233556F3ED3FECAFE17CDFCAB
STATE.json	37578	1ABD59EF44B8A76CF6FAFE2BEDAC893E3DF9F64317A14EE72AF0CCE29E9FD274
UNRESOLVED_ITEMS.tsv	2309	A76A4DE659DE4C7FB8A03E75B41B5D78A77D01867AC60031DE7070D9A77950D0
VISUAL_QA.json	32228	B9E9BE3DA39D2DD1E8089B882C62B19C31B8FE94E4B195A588E0C0E86833B758
build-r157.log	43089	FFB84DBFE681A5989A1F1BE02E90377DBBD5CBD686C3F373753ECEBBA558B847
build-r160.log	43084	4CAA346E32B44DD90F365658F6D4CEBCB42D05B591D657A1C0B61264ED040C27
build-r161-working.log	42386	A21128CB0BED415D38C62ED813FB8442F2027569B30CBFB96265ABDA125CF489
build-r161.log	43103	DE9F20BDCC1FF794272D1DBBC7F6FD5D3B2511659E2BCC46CA609D120329C62F
build-r162-working.log	42370	67D59E28BC9A8BD4EBDD08A49CBDC18732BB58C71D1CB5900274D259619DE6BF
build-r162.log	43128	88BF5D177978297B99A7A40439FAC5CC520AAE397CB9AF16AC13B99D973416FC
build-r164-working.log	43104	6052C5A55B85EF158D7F7DBDFC004B1A1D0613562F30FD7F416D0A685BE94CC0
build-r164.log	43134	98CDCD9A1CB49E67325D2AA4B20700828D24B1A114397E6C796364D261F8D2EE
build-r165-working.log	43104	A8487CF78192CBAA13A7E333F3552A93F6A44CC1A67D6DA4D26CC20E421EA504
build-r165.log	43134	7086C0DB46AF6CDDDE0B8E49700395CB8997FB314C01976E6660D6C3A5AE83F1
build-r166-working.log	43104	D21459E9AF2128A49F1E267B0DADAF30916623478D58EC2577C7FB2C8AA1D184
build-r166.log	43134	602DEA6F4138F65F11ECF1173983B092F0DD479D4E5C1C5A423B1BABCD0D3769
build-r167-working.log	43110	E9BEAB3274913107C5F46914810B051EA36DEB23EBD5FE62A5FFEDE50D97A1F6
build-r167.log	43140	159436A03925CE9BD478B93F1435D919A3A3910B6047EC512C6A1386B566EED5
build-r19-portable.log	43236	1FDCB163F0B314682AB8773CAD5DD16781358354189F24227B08E93FB6B27AAF
build-r19.log	43146	D570E0117CB7155EA06C82BD8E1865C90059192CA5AA65394F09AC32223779B4
build-r20-portable.log	43410	7A28264D7272B5BED5133A57840FFCB934D6B5F67F5CDAA1941958AF5F15626F
build-r20.log	43296	DE43BC790075B4CC5955667BC49D551D378B3F57ACF4AEE1B0FF4A143D186DFE
build-r21-portable.log	43399	46AA42EDC3E7A865BBE9F0F3B84A49BEE8B492011F8B94A39B01A2C774E6E6A7
build-r21.log	43321	96B8E81B180CDCB88C4B6CA6ECBDFEE0EB315944A50AC60EFD20256CEB6BDB2F
build-r22-portable.log	43463	9759137C91379659539FA316F59C5F48CD50A5F14FC757B032B7648B5C41A945
build-r22.log	43327	6A342499872ACF46220BA44CD40B6678016FAC7F35DC8147163FD189D8EE01BD
build-r23-portable.log	43549	E70E70A4A1B21040A32E86B6541499B338920814FF46AD500CA4704CCC949E52
build-r23.log	43358	C8E2E6D2A67DAAD1CA986633DBE44A7CCD5A5C1FFA2118E7EF3E3CEDF337227F
build-r24-portable.log	43555	DE2D021456B7EA967F1FDE66DBBEC44711685895E4A8A9D50EA3CDC379237357
build-r24.log	43364	EE7E32A5A60B9DA4E87D8B1409708BD93CE6275559461459077232599E6F6E4E
build-r25.log	44163	EE7B03AC516364E1717497CCE2CDDD46AED006258A523A58606F787615235DEC
build-r26.log	45354	899143D0561137445964F9DEE2E840FA171BFE54174C1B29E0B2C743D02CAF52
build-r27-portable-A.log	51859	F46E7F0C667ED8EC951FE62B6D898E091928834773F1913AB82CD76AFEE5638F
build-r27-portable-B.log	51859	168A8F6F588B46E6BCB34515AAE262ADBCD6269D84AD47302546335AC375E117
build-r27.log	51698	19202A1EB905091D7DAD2F0DE9DB885D8ABD7CEF57DE3B9FF823F7D9CC5ECEAB
build-r28.log	51770	1F62BF221E3D9C41D7CA8EF92D260214C5A100D139C259108590CCA30CEAD776
build-r29.log	51893	1C848F6BDC28963BE3A3B959FFD49210B5A97AB65E23801CB8F077A7CE151CB3
build-r30.log	51893	4A9F62D3C3B0081E219F038536286E8403B1246572EFA774F7AC9F80B5F94EB8
build-r31.log	51945	F9D35CE00E466F5043C69263470F1B1E3C056112A9D5B273020FE68527D977E8
build-r32.log	51800	5D2B4041657F38CC9CF256AF8EDB7D30DDF648F6DC00EBF9487CA8F34CC3F2D9
build-r33.log	51806	D85AC27297DB186CF5C9C82BA68A920C81896939EA9EFA940F7A2223CD70680D
build-r34.log	51812	061D7745E8266C4E0DB6CD7B7226611E63978C2B4C6C6DC39D6C7D9C3383CC73
build-r35.log	51788	012A02CABF1C40AE5E26E85DB27E7D17BD762566C354562D1FBA0D14C04F5C84
build-r36.log	51794	BA53A9A21F5363CD2323994F849C6F1FB0803EFC8E00DB11D87EB682216CAD3E
build-r37.log	51800	E93345C596E00D8E37B6616BBBCB656510F10135BF82DF33CC1F23CE2B7351A1
build-r38.log	51806	80F4ECD59AFBC9CFAFD1C5DC63C33E10F1DF72E5FB0766EF4D08EEF6DF4B15A6
build-r39.log	51831	D9129CD3E8525A7F37605EA43C6F1A0EB7476451BF58C917CE76A2555FC0921B
build-s125-working.log	43140	95B0A61C65C23688D3B48ADCA03F5AD0C8F082E5CE0E0675E7A2DA309989DE23
build-s126-working.log	43290	7346314B4C74A26DFDFF79D0BDCA647DD957EA3F561AC52DD7C2404167FF779E
build-s127-working.log	43315	01563B515D0896A0571DF6BF4B5E6EB16334B915B3B416FBA7B81C93C837FE67
build-s128-working.log	43321	FDC3DD5A93791D57BFC78D55C55514F3606FD91A0425FDDCAD8247213ADD9C5E
build-s129-working.log	43352	214F346AE456662173BB3EE94F05702BC59FC7B38FEC8634DC1D2F3B4564BE4B
build-s130-working.log	43358	451CF818B5AB51FF41F8860D6EBF30D5566F49BF44BBF54D7988A1BCEB3788DA
build.log	51831	D9129CD3E8525A7F37605EA43C6F1A0EB7476451BF58C917CE76A2555FC0921B
controls/CONTAINER_REPLAY_R11.json	625	DF884F80F4F75926ADB144FC2119A42A07993A301F16DC1EB47354F71DD6A9DB
controls/D29.json	14390	A8E4E3398F702E99A91C00732A4214979F5CF95A776D30C3F4A3E894A57840B7
controls/D30.json	13193	FC2EF578447B645345CF828EC4CD5D61654A19C86397D7DC824FF073F54534BC
controls/EGA2_R13_CANON_ADJUDICATION.json	2728	614A65714EAC7BE863AB90859EBD6C40D776B4E5B47EDC0B25C6E10A1E9123E8
controls/NEXT_R17_PQ_MN_DEFECT.json	2716	9C1F9FE20C2C438AE04A59CEF0C30CF5E23718C7F0C3282B38F982A49DDA0775
controls/P187_CHECK.json	11514	DCCA6D5E7076869F2DE11C0AED0578AD7B54E2A23A00F1B2B2138DFAB1E0491B
controls/P187_FR.jsonl	13032	ACFA7807D83904B28855D69D571B7BEE3EC50E67E4F21196AF1BDC994D7DC406
controls/P188_CHECK.json	13206	1BB42807C3D77CB5B26B58D3A3B6FE9142C916E78E0545DBBEF50393BBB84706
controls/P188_FR.jsonl	14284	BC6362CCF16753F7C21BF277ECF2479CDB139CB3FC01D0980D0279367E806660
controls/P189_CHECK.json	12590	A199C9C806C1593DD71B7097FDF116E3852EDE3DFB17E252721DF6C2DAA969EB
controls/P189_FR.jsonl	13212	81D1F5E87AEE13C3617C27D5B13F6C349434C9588C656482621D9A5B9965CA37
controls/PUBLIC_PATH_SANITIZATION_R32.json	3448	09B83254F99A9BD2696454BD848E9F912C865D4B1FD9636D03A0748927414A17
controls/R11_CHECK.json	1168	3FF854DD58806250C7327550F46A140780FC727EB5FB1D4BD1DE1FD2E8ECBCCD
controls/R12_CHECK.json	1139	E42CD6F79F856752A2CF0D541F363CF0888607586AF86E773FBA250ECC32F33E
controls/R13_CHECK.json	1704	46DD29BB2734226936126D4E48F7E3CBF7951B7BC1FB892EDADF5807AA3ADF0B
controls/R14_CHECK.json	1596	FCB3E3CD34F352900841FC7B45532E29D55AE2A9DB9D47744F4739F5F45803E1
controls/R15_CHECK.json	1787	CB30061D73C1F0BA8D2C2757B4BDCC07D57C7F2055C136D1224D73B03C820E92
controls/R16_CHECK.json	1730	47F0C3580F7009C537D1E7916EF13896840DDEB85A220903FED55309353F06CB
controls/R17_CHECK.json	3225	0FBCB35D91A452B0F8C9BE03A574DE44B7194C8BD89E8774621591FEBE8A6556
controls/R18_CHECK.json	3188	B9B165A8F81F8279A5CFE23E5983D2E036D501C505A864BAF79DD6BAC8D239A3
controls/R18_PORTABLE_BUILD.json	1587	0CDFA22F1B77F9633EE2000DD680F606C25E7549BCF44BA179F452770E7219E6
controls/R19_CHECK.json	3288	EDFA0710BF02716CCEFC9DF26F8240177AAD68F428B83AB23A12D43708661BF8
controls/R19_PORTABLE_BUILD.json	1491	91E8EDAE4E7AF9143DD4714DF64DDD2A02034641758386924DEDE14D52B72950
controls/R20_CHECK.json	3392	5E1E0109A4A8C29878B777FCF248D18E55D3B664A9BCCCDF5862F865477F294D
controls/R20_PORTABLE_BUILD.json	1138	3CC05C707682023FFAAD6836FEC42767C20C9B414E9565DCEB0EE17126CF1240
controls/R21_PORTABLE_BUILD.json	1128	B52EBE92B3C920CB0EB568A5C079E7E244B57B2F4F70DB597D00A3C463ED9A6A
controls/R22_PORTABLE_BUILD.json	1181	E174AE53A5245DB21CA6C60E56309DECAFE8006AF8EE9DA39A1241DB91B48EE9
controls/R24_LIVE_SOURCE_REGRESSIONS.json	2137	DF5C2B1386D5BF73FD5768D75F833621516632A1B22F2510C2FE1F78CBCAC644
controls/R25_CHECK.json	2264	C98FA2E5745A68342821B62BF15BA4BF6FDC933C0FAC864364AEBA522E997D80
controls/R25_PORTABLE_BUILD.json	2148	384846EB11AB4C887EE3E47469C3C0E171234A93EF365A984CFAB7F2493E0254
controls/R26_CHECK.json	5331	C91EEFA901371DBE611AFA8328E28D16767F38935998C8B0B352E2EDAEC9CEDF
controls/R26_PORTABLE_BUILD.json	3316	231AD9439929BFFFBAE91F8EF179A6109DF6169331D3B008CDC1447F3B110D56
controls/R27_CHECK.json	4059	DC96074F0C67A63747F3D5E1933D442A755DA532B7A29C729E21B89BE687085E
controls/R27_PAGINATION_CORRECTION.json	3881	D672315234AE7A3A76F7F2887B8D4590B4ADC3B67F035488186B7CACDDA37E8C
controls/R27_PORTABLE_BUILD.json	7649	5B254ADE2107002B34C03602A08F0FD66C42DA0BF72CBF84DD6DF10E6B4714DA
controls/R28_CHECK.json	3450	0872263C08E001671A84699B5DCAB83DF8C03A746A74F0ACC74CD61CDB37EE62
controls/R28_TRANSLATION_ADMISSION.json	3577	77AEDC1B9E7BC629EE6A65CA7A14A6A8D3BBC4358C577C47822CE2616D4202FD
controls/R29_TRANSLATION_ADMISSION.json	5326	14CB7B1F36D690CB732D91C491ABEBBB04547895B1C9F3EF8074A8F5828C72C1
controls/R30_TRANSLATION_ADMISSION.json	5950	DD4A9A5E074CEDAD5C01B007EC3C842C50E1B16CA29F46BEC0D4C2251B7CA049
controls/R31_TRANSLATION_ADMISSION.json	4660	30C1D140B5DD5C6264B2C0767D7C17B474D30F3907324C05BC5455F0D56C730A
controls/R32_PDF_QA.json	9492	2DB6B51B7B1E34333CC74A20B82DBA52657F4DEFD58976998B3636B2AC6BD746
controls/R32_TRANSLATION_ADMISSION.json	2217	5B60E0AB09572E4FDC2F308F2C8BDB30B33478D2748800FF61A6CBA431BDFCF3
controls/R33_PDF_QA.json	11645	866C2E23A33D63EDBC0C178AB0D4902460210048DCFD4F027C9D0741BB4AB737
controls/R33_TRANSLATION_ADMISSION.json	1634	F646DEEC20955872C5D9E3A038220B287483AD445310DEDE59093D3C4421BE7F
controls/R33_VALIDATION_CHECKPOINT.json	4022	3987639916E2550C0ED77428F454EE8F5E331A3B0C26613E7C480DA4B4CF2404
controls/R34_GITHUB_OPERATION_STATE.json	1820	EB6250C7EFD68EA4A9A0B9AB12D4FD4BCFC0AC68254A5D782F8CD097E2665358
controls/R34_PDF_QA.json	12190	DB71A8BF354AC382D7EAA926C39E34C8F5781E092A69033741D16049AA4763D2
controls/R34_PUBLIC_CLOSURE.json	1514	AF881A04E89FEFE046B086E63936062C5F5A0A4B92A2F4CC2BB9EA94CAF6D885
controls/R34_TRANSLATION_ADMISSION.json	2649	6786F4E7B95178AC462A4709B8A9AD008C403D876CDB44E17B30F4FB943E42EB
controls/R34_VALIDATION_CHECKPOINT.json	4645	621DDDFEBF6CD475B0A82CC177507EEB9BDB785469A4CB2CDF7100CD1231E6D9
controls/R35_TRANSLATION_ADMISSION.json	3700	C7002A4C1270E32BB0A96F8B5FE929B06AD5EDB145BEE11C1F6AE8BB7A277D54
controls/R35_ZENODO_DRAFT.json	441	7FBD4A70D977C1261CE670125A99FD5652F92E4C364F57CD5448D166E23DE659
controls/R36_PDF_QA.json	11605	9FA62E458E9E376B982B0FA5BCF256B053F9E9E5C673A68DA987CC079F3D5BEF
controls/R36_PUBLIC_CLOSURE.json	2597	3000ED04C2A262287133680B249C4824827B8A744273F289DC41F909A2995DE9
controls/R36_TRANSLATION_ADMISSION.json	6018	7873F7BCAE78E8E134F71E9543F84A250BD9E3051E044796D2B4B48637AA9565
controls/R37_PDF_QA.json	13472	E3CB3AC1D47F4041ADECDA7942383EF0CA52B921E4AF5F9B97A1FF7EFBA1ACDD
controls/R37_PUBLIC_CLOSURE.json	4271	033D857627D0D5E65F7AF47C0050D7F1B065C816B5B9045BBB3F33AF3D1401C5
controls/R37_STRICT_BUILD.json	3675	F58CAF4FA4BEF1179288007C4F720B2E1CD3AE5D69AA311D1C345859766C9AF2
controls/R37_TRANSLATION_ADMISSION.json	5919	C4EBA3CA0F94A04815BE6585907D0EFB20A63F999710334F758078626D8A89C4
controls/R37_ZENODO_DRAFT.json	493	C37529E5F5CEBB90E843EABC76CDBBD6D1A55C9E12F3562A8F48C120F17E2305
controls/R38_CANONICAL_INVENTORY_REFRESH.json	1490	A55400B0236DDB3A32C47C3AA14B45B0ACFF0260EF843779EB0487F6B649ADE3
controls/R38_PDF_QA.json	34043	5140761219F2C8AFAC7075BEEF1044D4190FA41B590B670FA349DF1EF6B55B45
controls/R38_POST_CORRECTION_SOURCE_RECONCILIATION.json	6698	C60088AE26B2E33B2CFBCD88044E1F5BDA2636DB2BF93D5E392B62CB4915688C
controls/R38_STRICT_BUILD.json	8533	E8A844FF6DA59EAFAA890D34E180B81BE2B8D1D639E4801692897B89DA5CD6FB
controls/R38_STRICT_BUILD_PRE_CORRECTION.json	5677	2ADAFA3893EA0CD5AD30B730B9C9E99DE074F764A29D08930B3307F9D3410691
controls/R38_STRICT_BUILD_PRE_PRIVACY.json	7613	98B5AE054414650A7488B98F8DA3A0E20679D1B4036587DAEE05B599707CC8D2
controls/R38_TRANSLATION_ADMISSION.json	8103	23CA8C711E89448D910BCD585BCC815B1A87F56A9890220485F27E3E8377FEC2
controls/R38_TRANSLATION_INTEGRATION.json	5209	3901DE2B2F9BD1DDB6399D7B35005FAD196F1A3A229061D9D46F3813E58BB020
controls/R38_ZENODO_DRAFT.json	676	F6F543BE6800CD7BED602C6ED928E572A81D25550750919338833E2D9FE64330
controls/R39_AUTHORITY_COMMENT_RESEAL.json	5469	63B55B0B04FA708E31434A84EE5CE57A66157380BB82615F872E83E8028A8080
controls/R39_BUILD_QA_STATE_SEAL.json	11185	5924A67C251E7583F4973428D2DAD95BA6D56B0DAECAE3FE77B52A2275270DDD
controls/R39_CANONICAL_PREFIX_REBASE.json	6370	CD9E1E2CF87D2E35C49AE7AF16E797AF146B72C6060869B631019DB8F6782349
controls/R39_CURRENT_AUTHORITY_VALIDATOR.json	10257	F572BDDCFADAC93EAC01C00E07DBA16D03BEDFE3E14B5E4FADEA1B5A76AC2350
controls/R39_IDEAL_TERMINOLOGY_RESEAL.json	12197	2F88570A3523DE0718F3952C842FE00D5D8337DC0D9DF4AC93C20D9D263AF624
controls/R39_KOREAN_WORDING_RESEAL.json	10118	9A30C30953B7C118434541FBE8F9A362BB374BB68835E479536073B8DE730451
controls/R39_PDF_QA.json	14710	9FF6981048F0F8C632B5F44BEE9437B7B3DA7134CC35D1919B34912C6BAE707B
controls/R39_PDF_QA_PRE_TERMINOLOGY.json	14048	3EE9ACA3785D8E90955FCA11538E2AFAEC56F8EC7EEC47B385FE162FF2A02040
controls/R39_STRICT_BUILD.json	14551	BD631DCAE7E8F9C485D9CEB14CE0DFA53CAE3F2BD5F0144ED9C3E0DEA7016BE0
controls/R39_STRICT_BUILD_PRE_TERMINOLOGY.json	14173	C64A3E7254EA4E25D26D482122A507832BB934CE94F15259D3B034B4EB18D581
controls/R39_TRANSLATION_ADMISSION.json	8605	D7122B74AADB7E26B987AFABAA0D12E59E1342D4F63FEDA0DFE3AB0557330561
controls/R39_TRANSLATION_INTEGRATION.json	6610	BA1B7D43FC93365C21F86E7D1494CB59483DA7863EF16E4B5D80BFF48161AF6B
controls/R39_VISUAL_QA_PREPARATION.json	4310	991D85DB3947110E98FCCF4A12E0570F78D27F092CD47114251BCB58B953412B
controls/R39_VISUAL_QA_PREPARATION_PRE_TERMINOLOGY.json	3696	2545A65242EB9FE1D1CB31B2D3460D69B792BEC337C2BBA43A8B35BB145D7EE9
controls/R39_ZENODO_DRAFT_RESERVATION.json	1444	8799F847CCDCD35D93A401F125A830CB1759F8E2D16004E90A185979F398D7CA
controls/S118_CHECK.json	993	4D7F9E88ACA36B1E96C4F3BC6F16B83AB16056CEC33AA7A1510A41B3E7EDEF49
controls/S118_FR.jsonl	239	CD4C270F5B98FF9B32E69CF1935F95DC7CFF7F1EEC366E6EFCFA3D514167D951
controls/S121_CHECK.json	1118	A3A44A18E15F6A31FA58D37E3BA24093258D057E2783557B62E9C2FB00650D90
controls/S122_CHECK.json	1217	797B48AFEA30FD13AA9EA8A07691BA3F384631BA8B2E0D436EB239B96208A7A8
controls/S123_CHECK.json	2682	5DC62B7361AB289BFF9BB0209DF1016F237918DDA59A695F3A5AC4A02BF562BF
controls/S124_CHECK.json	3196	DF84BE3B76D4C4B6E5B951ED7AAF4F8DA2B9590FC8FB9180DA5F4AFFBCE725F6
controls/S125_CHECK.json	3264	25925F3DDF8A581949DA1D2AEEB7F03E61CADD58E10BDAD138A7D4425C81DF86
controls/S126_CHECK.json	4119	1E72DA89ABAF988DB3C03755660ACBBD6FD3B9EC51F23EF2744D06600832D898
controls/S127_CHECK.json	4364	E00291FBB3D559CFA3DB3A2A607EF67FEFB4CBB643DD6CBB36E143B614F7A653
controls/S128_CHECK.json	5631	CCF07FCF897A29DC01F7B98919A51F404473268E5357A09B9B9B6221DA140F36
controls/S129_CHECK.json	6879	52BB4FF0BF3605C321532413C2C3C2AF8A6FEA3EB79C73D3EA5B6769D185C949
controls/S130_CHECK.json	1694	9502411DDB0FA6DCD866F45064C520973A699DDAE7ECD19D4469E1857AC45552
decisions.jsonl	716210	566270F97FB7D2317D24E551A99DFC5D9EF0105820DCC6C78300C974BB3D3626
evidence.jsonl	553405	0C47C199DE360C89CF3D4F012A8B141BC8A1254801B7888A0F266D003B39A3BB
expert_review/EXPERT_REVIEW.jsonl	2922081	9780CBE765E3AE223F08240BE16883B3833DBFBE5CA35FB73478E7D47D8CD8BC
expert_review/EXPERT_REVIEW.md	1477195	B10506203AB3A8C2EA784011E7ACCF667F8E2898CA5627B2D5AE649DDC55882C
expert_review/PUBLIC_EXPERT_REVIEW_RECEIPT.json	2506	1DDAC6C4926E213DBE21B2E3E160ABFC3819FE2DE6EB48219B167F72D10637AE
extract-pypdf.txt	706537	26644E0CF676F459F6E4443ABA02F1353FC110AB1E318D7555DADB7FBABE8FCE
extract.txt	732164	CBC8D6153E4833B9028721FB9DC2470C9450C07BC0596CBFED8B072FD444C14B
hard.jsonl	308996	EF14FA5E89A9013B4853180EE3DFF279016D4D038283F8A2E66E8948FE2EA980
index/schema.json	2155	850898F4207D5715518951B9423AC87448916BFD29C7081136258366140507ED
index/units.jsonl	1257249	84DB52C484E5DBAF1500C7529F82944739F45D0A1FFBD060E7EE33A58F82095A
index/visual.jsonl	357391	8FE695A15FE452FEBA812C0871D39FFD6F1BBDC9C30FCB6002E306E3CC539F53
index/visual_schema.json	782	2C0E09C524DEB0FB4FCD1ACB73A6352B6CC545757F7445EAB556685A0E83FE03
r38-extract-poppler.txt	728827	B5A047C7799FD4A741099CE9334797F26CCDDD5EC9D68F9A6A03EFABA6ADDC99
r38-extract-pypdf.txt	703381	9207B6B25CBAC5113A6C718C7B970E232E159799AC68CB7C527F908455173AD6
r39-extract-poppler.txt	732164	CBC8D6153E4833B9028721FB9DC2470C9450C07BC0596CBFED8B072FD444C14B
r39-extract-pypdf.txt	706537	26644E0CF676F459F6E4443ABA02F1353FC110AB1E318D7555DADB7FBABE8FCE
raw/u001.txt	360	41101A7F47A085E5185E4540DAD0D5FC1E5F78CD1493C244194D82E55E9C5EA6
raw/u002.txt	627	96A592F0DFD6C67760B39DF13EB0E1DB6F2C89DE0F0C59EE7DB3CE7D5DC9A232
raw/u003.txt	215	FCD982173685BEB016F2B163114C91CE248A231DD0ADDB5D1D5734206648166A
raw/u004.txt	2120	20CFCB919D25FCD822E02DCF780CD00387BB333B4DB92F6D553901ACB8AEE460
raw/u005.txt	2271	2D69CEB50C5873FA89DA782337200FF3892525B9C8B49EE8A34F91F8ABA87A3C
render/pub-01.png	59815	6D2ABEAB44627FA7173AA513B65E5EB8FE7146C82885A5E4998CB0DB6499A801
render/pub-02.png	149317	118C712606BDE894030BFE0BFB6545C7E88BF78141BED28A30E5D0CE01D5A024
render/pub-03.png	25202	0465EF517D1D7B8D4A640439D3170782CB3860145A9A25C9B3A7F242E7505905
render/pub-04.png	87389	4465BDFBED79274F7D6677F783998BE47397775C142FBE51EE94903F21E6B80A
render/pub-05.png	366258	B78C470546AB5470AD5564B81E69365D4F0F7E7CF0924FDBE6BCD772DFB65334
render/pub-06.png	567660	C81E56D61819450A72FFFEA15BD49F7BC96D64691527B4284CC95FB10DB8E05D
render/pub-07.png	301773	E6817D820958E7FF839691C8C794ACC5AF330923C32E95410FADF28D50E02920
render/pub-08.png	548822	89DAF62D7AF6B231A4CA8698D2D1A72BF92E3543B4EE6E18D0457AF04C6F4907
render/pub-09.png	473260	92FDE33F8EC7175BB0A8C2CD2CD77A4FC0D7E9B553F599BFD31940F3B3673F8D
render/pub-10.png	316740	859BA28B1BACE12229B36D7D31E88A51883295AF910902914D7F32F1CD62499E
render/pub-11.png	255680	27F1C70BB17FFC177366494624244581564F121F3AB82D2D5A86AD6113B2D19D
render/pub-12.png	334803	7A15EE0CF2F4C68DE6B2000D9BB01C4F554EAD1C567E9307BA6969FDF1E15CB2
render/pub-13.png	276527	1753668198B5CF9954D9C0D5BAA4AEE8684012A83D5CEE59B25043ADA388562A
render/pub-14.png	335258	86B3376465417A42BA88365223DC730774484230339457B7D3C3B01D76BB156B
render/pub-15.png	489040	17B06020E6923B9AEF22B27052EB77F7B3CDE4151A5460AB39B6B1C8DB8C97F2
render/pub-16.png	390722	BC4D4BA7D1696088C9D47AE43C7BA74226B4A13C3CB9A881E58AD79AD2DEDAE3
render/pub-17.png	559029	FD3EBF89BD4F282AA4658DAD63CFD34EE5750F46702039A0BAC1872685FB75C9
render/pub-18.png	460172	C7CB714F83C2D490C2CFC7A8B66C4AE481871321A26BEA7077F1DDC10E7A8C80
render/pub-19.png	456934	3DC064843B70CE2C36EAF32FDB0D2A9ED55F1B752D6D09CE3A155A3A1BD26054
render/pub-20.png	261851	66A4AD6AA7E07AE16EC7680A647DDDABDDCC248C9A017B069CF505B86DF559E9
render/pub-21.png	291375	86D79C73055C9A2B70B498B0030C7D51C4FF77D10AC8DB6BB05112DB814F91BA
render/pub-22.png	309416	400C0F834E903B8B1EA54E037EAADE040592322D458774FC116F5A3638DEFCF0
render/pub-23.png	285103	34E9BA2A0CACCB4509C2C52C8BB99EBA32426BD9BD9DB3979068CCA8EA401380
render/pub-24.png	332019	069B82A1BDB082299935E4CD6CB1C25246D94F15BA1389CC2B8F1A8DC96909CB
render/pub-25.png	326361	394CAC38585F44F21B86B3677A57EBBAF1BF627ECA702CE82EC7205A9612B1E9
render/pub-26.png	358812	897E40B04D770726BC5B879BB75F06858B38F8CB4A5F816A4E07283B11C9FC09
render/pub-27.png	367288	C22EDE7BD9D3F2AE763065D67CB0BA5C5CFA46C8D5772E6FDBAEA89853FEB0A8
render/pub-28.png	248839	C26F798173A93ACA2CDF08FA4D75709F910CB85B09F11EA455987B6018BA5189
render/pub-29.png	190253	0B01A760860DFFCD961DB499DB5908464CE5742404182D8FE40C7313B610630C
render/pub-30.png	322833	3C399E9D1BD9A6BDAF97806B556A4A20272BB19B5B60C189A2C2A5F6AB28F6EB
render/r11-public-001.png	89990	28CDF80655E5F08B221E2670980931CAE45D93B6FA8F499186FED5B3ED5DDD22
render/r11-public-002.png	278728	590BA930A20EA6A2935A31C27F746321CEFCF512CA1C7AAC467C2D75E4EAF8E8
render/r11-public-006.png	69910	2ABAF9FB4017BD16566F50A5ABD220BDD634DF0F19E66ECD7AE3206011B8D524
render/r11-public-137.png	846843	3F0FD4B517387887B0357508398AFD40CCC33D13729BA24F73B822D2143C6B3D
render/r11-public-138.png	566415	BDEA33693522BEB41265FCFEA4D2220009A4BC1E3F59C549C5ED58800BB72573
render/r11-public-139.png	484739	25FB1D66CB3E54987EC58595553DC1CEC27371D079526DD3F50EF9DAAD7DE6AF
render/r11-public-140.png	465935	B51FB1904A6B14C81F4AE9A82C55780B43E11EA0369B47A0CD9D2BDE419F0B81
render/r13-001.png	89790	952DA6E5D6EF44182675B4612CA7849199325AF0E8F4B573D1D36331CB6438C2
render/r13-002.png	286969	3DB20BEAAD3E713120D68D5C40921FC0EE6AE3ADA21D64901EDF4BFFBFBABF94
render/r13-006.png	78030	07FE2158488F4D0C4E31A1CCABBFBB47C2F5B7612AD31C7D94CDD8CC2EC3D473
render/r13-139.png	724622	9E830D0D7A246BEB4CEFCAD3476285F53F22A4D8658C6B32991246646C98E833
render/r13-140.png	726601	C5061C85DF0F4D071CD3F6D3260B5917B9DB52C93A48CD911207596A000FF6AC
render/r13-141.png	465691	3DADDBE1C65E748CC3F3F2C907B1C042DA1BFA7D409652C1D3D470EFD408646D
render/r14-001.png	89448	EDD46E2F1A8F389A27C0E3898A6339A9866AB71C12AD223CAF08EDBA79B4CA4D
render/r14-002.png	286340	54404684C1F4BEAD11916DA06CA444309A0D1499868AB988C52A3727E2D5E415
render/r14-006.png	78030	07FE2158488F4D0C4E31A1CCABBFBB47C2F5B7612AD31C7D94CDD8CC2EC3D473
render/r14-139.png	724622	9E830D0D7A246BEB4CEFCAD3476285F53F22A4D8658C6B32991246646C98E833
render/r14-140.png	813213	A80DBC914DC0521D20A04144E22ED077BE1D2387BFBD009C9D888E66F818AFFF
render/r14-141.png	351013	8C25B208C105DB31774C8831AD807B4DE2184704E5D3A73BF4A6F8FCD0162362
render/r14-142.png	465192	5A7B6620CBF41212B6945266C17B1B3F46FF48D017508D1E2923E5289DFCFBD8
render/r15-001.png	92213	454C1B3775E9E4F729AAAF05D0962845C0DD9CBFFF53CEBE26E360C5FA89135B
render/r15-002.png	292380	E539ABD862E37FA24956C050AF21782A4AB4952CF77ED2954DAAC5A101B41956
render/r15-006.png	88364	28F7D55460775B353D2A8561987C3BB5EC208A73BB7C9ADB35A799B9A33FE1E6
render/r15-139.png	724622	9E830D0D7A246BEB4CEFCAD3476285F53F22A4D8658C6B32991246646C98E833
render/r15-140.png	813213	A80DBC914DC0521D20A04144E22ED077BE1D2387BFBD009C9D888E66F818AFFF
render/r15-141.png	627491	4B075580EA12033013319D9442D8E23E93446DEBCFB3C41D0F1D1F7191B91AC9
render/r15-142.png	189716	9B84A01F726A27EFD63DC3CBA49FBA04DA2F688002BE6695756E10E8028AE8C0
render/r15-143.png	465542	E8538559A61CBAA4D7A566D622994713FC1B2CFE9731F62ADCD9E6538CD08EBD
render/r16-001.png	90976	65083B24A6D5F9D9549227382865609851D2A646C8F29DC5B218221E82E9E6C1
render/r16-002.png	297061	86DB4C2D7E5D6B9516DDD5BA879F4ADDD20EA41694491781D88A692094C62CC2
render/r16-006.png	88364	28F7D55460775B353D2A8561987C3BB5EC208A73BB7C9ADB35A799B9A33FE1E6
render/r16-139.png	724622	9E830D0D7A246BEB4CEFCAD3476285F53F22A4D8658C6B32991246646C98E833
render/r16-140.png	813213	A80DBC914DC0521D20A04144E22ED077BE1D2387BFBD009C9D888E66F818AFFF
render/r16-141.png	627491	4B075580EA12033013319D9442D8E23E93446DEBCFB3C41D0F1D1F7191B91AC9
render/r16-142.png	345389	102A99C16EDA8D7E354AED2CCD04E330FBD62F5DB725E52DFB0D141A75154940
render/r16-143.png	465542	E8538559A61CBAA4D7A566D622994713FC1B2CFE9731F62ADCD9E6538CD08EBD
render/r160-front-001.png	89386	3E89ABEFED8A0F5574293AED38C8CC77C1CD32010C25197B877B1BB459770D9E
render/r160-front-002.png	284632	D527C65485C7FCC6A353C3D6E06C99BA4B7932A2F918CD440360229081CC794B
render/r160-page-006.png	78030	07FE2158488F4D0C4E31A1CCABBFBB47C2F5B7612AD31C7D94CDD8CC2EC3D473
render/r160-tail-139.png	724622	9E830D0D7A246BEB4CEFCAD3476285F53F22A4D8658C6B32991246646C98E833
render/r160-tail-140.png	204998	B67F1FEB08AB768FE509555647239AED35DDDA923C3EA74018B3F182F9C1C123
render/r160-tail-141.png	465691	3DADDBE1C65E748CC3F3F2C907B1C042DA1BFA7D409652C1D3D470EFD408646D
render/r17-001.png	91595	9217D0A6D246F6ABBB1A01C94F6B7123A6CB1FDECE9049A0587691BDCBAE7118
render/r17-002.png	306043	CF5BCF56DEBDD962619491E80054BBC5E8C98DF458C4E1AEAF2D317501E43482
render/r17-006.png	88364	28F7D55460775B353D2A8561987C3BB5EC208A73BB7C9ADB35A799B9A33FE1E6
render/r17-139.png	724622	9E830D0D7A246BEB4CEFCAD3476285F53F22A4D8658C6B32991246646C98E833
render/r17-140.png	813213	A80DBC914DC0521D20A04144E22ED077BE1D2387BFBD009C9D888E66F818AFFF
render/r17-141.png	627491	4B075580EA12033013319D9442D8E23E93446DEBCFB3C41D0F1D1F7191B91AC9
render/r17-142.png	860127	3FC0FA25FF2A9C2ACB17C08DF5E14BD69754B4BDC13E612AF66498330E9E2BA5
render/r17-143.png	465542	E8538559A61CBAA4D7A566D622994713FC1B2CFE9731F62ADCD9E6538CD08EBD
render/r18-001.png	92813	12481139FE700D114C60407D2200F63AF36B0EA9891500CEF34DC4797A024B81
render/r18-002.png	326614	B58B63BD4074459ACC9DD7CF86052BC8F64D4881736EC92C228E4981A23C54CF
render/r18-006.png	96438	F481EEEE2420697258AE9EF9FE9513E94636528E39A6D9F7CE21C884DEA88AF9
render/r18-139.png	724622	9E830D0D7A246BEB4CEFCAD3476285F53F22A4D8658C6B32991246646C98E833
render/r18-140.png	813213	A80DBC914DC0521D20A04144E22ED077BE1D2387BFBD009C9D888E66F818AFFF
render/r18-141.png	627491	4B075580EA12033013319D9442D8E23E93446DEBCFB3C41D0F1D1F7191B91AC9
render/r18-142.png	833349	1DB6921DAF68876C5D7C494652F3A9C0B638E5744957113B92643271D62AC4AD
render/r18-143.png	501373	FFA14B591CC83EE01DE37BF57ECB35631FD6F69DBB60F81A17D5DFAED39E943D
render/r18-144.png	465606	67361BA16B17CB8C43C2B33901EC1B14F99F91158B123D9A25301937A21A90A8
render/r19-001.png	91027	ABBD79DCEABBE24DC4FECE288ABAD96A2372D9FAD97FF6FB4BCD6B57571A7655
render/r19-002.png	339760	70A974D8CCAC8857DE50B21D7447054DB91F8370325433E1A2A0B056D348A6AE
render/r19-006.png	96438	F481EEEE2420697258AE9EF9FE9513E94636528E39A6D9F7CE21C884DEA88AF9
render/r19-142.png	833349	1DB6921DAF68876C5D7C494652F3A9C0B638E5744957113B92643271D62AC4AD
render/r19-143.png	765041	F20843123A94A072A3B53B4DF2200B9DE0845CD59C0C42A0EA60697E58853F1A
render/r19-144.png	93197	F8EDFADEB03C9F76C0CFBCDFDD107F9951DF30CE8EE1DDE8D5FA364625EB7FB5
render/r19-145.png	465364	FC509BF58CADB54AB0CF11E91BF82BA3F20542E078B6A55C7509AC8EFF5F9990
render/r20-001.png	93799	461A1DB0E7D1C3A7676B64E9AD6045328AB8CDADDFD606B5090B40A127F59D10
render/r20-002.png	307751	4713ED9572154811A98B1D873BDBE448A5DAF220F29D85AF8B9D4F1F08A32307
render/r20-006.png	96438	F481EEEE2420697258AE9EF9FE9513E94636528E39A6D9F7CE21C884DEA88AF9
render/r20-142.png	833349	1DB6921DAF68876C5D7C494652F3A9C0B638E5744957113B92643271D62AC4AD
render/r20-143.png	765041	F20843123A94A072A3B53B4DF2200B9DE0845CD59C0C42A0EA60697E58853F1A
render/r20-144.png	465746	4DB89B9DC0B5104B6CBB637F16AC4A4B694341614C0C45757EC74226CF8DCAC9
render/r20-145.png	465364	FC509BF58CADB54AB0CF11E91BF82BA3F20542E078B6A55C7509AC8EFF5F9990
render/r21-001.png	92200	E14F01E533055BA656338BFC497A23C4AD13610BE2D45870C88186256087813D
render/r21-002.png	303576	894CABF11493C526338FD05281313AAB7219C3E47F312FDCFE26955CA050A7B0
render/r21-006.png	102955	07E24D6E8ECF48B8E67676D1F1F451A876A15F69109AA8E1CFCB1B2B2FCBB141
render/r21-143.png	765041	F20843123A94A072A3B53B4DF2200B9DE0845CD59C0C42A0EA60697E58853F1A
render/r21-144.png	752454	FA1DA1F631CEF7810B6340B0ED871F0BC72AB7272CB92AAC505D0B3734748DB5
render/r21-145.png	570021	70F12E773E588B8D0722E3F65525DEA1FD4881EA84CAC0E62D1B5BD9C094EA0E
render/r21-146.png	465506	BD03765198D6352A51BF25868BD859A3BA0AFDF162008C24C8C645477FDB8808
render/r22-page-001.png	92129	69FF25D06D707D20DF5D58FE6551A840F50EDFD042FE3C280E543E5727C3AA60
render/r22-page-002.png	303609	DF33EB2163C6759689B4CB4DFA9A6D21324EBE9BEE3965D2CBE03A8A824223F9
render/r22-page-006.png	108803	D25D3D1929EEA2D94FC8A0EC203E01915BBDB4BB7228678FFBC789760DB44954
render/r22-page-143.png	765041	F20843123A94A072A3B53B4DF2200B9DE0845CD59C0C42A0EA60697E58853F1A
render/r22-page-144.png	752454	FA1DA1F631CEF7810B6340B0ED871F0BC72AB7272CB92AAC505D0B3734748DB5
render/r22-page-145.png	777799	24FAB0BE628AEE2D48848A8384D067C82CC502D75EBEADEFD26E7792FA0184D0
render/r22-page-146.png	744596	83EC16A60C3CBFDE22300DAEABF06C8507E4AB6AD511152B4D7B4F9F87434E75
render/r22-page-147.png	465705	2376F0035081C224A9DFA6FEF6898C5145B219FCF853CC0E54F8BF35193C93D9
render/r23-001.png	92073	514F210E87A423E69637CD5F46E07A814980663C9CF5A3CA258B3AE06C29AA0F
render/r23-002.png	304447	E102EC8470374EFD4A205BD8D519F30D2653FDE9F55D13427F7B761DCF58468F
render/r23-006.png	116538	7D71B68A422C3A73A4EBD8D3D96583598B50DDFA2081ED9118F36B2CD548EBDF
render/r23-145.png	777799	24FAB0BE628AEE2D48848A8384D067C82CC502D75EBEADEFD26E7792FA0184D0
render/r23-146.png	801239	91320BD7EE6E175B1AB7B79B66D736BA3F9CD69A323BA0F04052596B8189DB9F
render/r23-147.png	886403	F121501705D9471269E1B626E66702B068386F72C486C5171A11220732EE5323
render/r23-148.png	406057	0BE4593D7420F5AB1856321F52800068AE1151751E84AE2CB14606E7EDE67AC3
render/r23-149.png	465763	80BCA62DFAE2F0746D382423F57F6C73F08B630F0A35E40AE737D2EC674DEE37
render/r24-001.png	91435	5D5A28F1BBF9707F83AB1C0D50BC71805A0B8795B1CE4E793DF63A873B7366FB
render/r24-002.png	313930	9B70FC7C45D9205ADDF6D374683BB7CC80CE975E00CE6E001867C1721069E777
render/r24-006.png	121977	19C2134966198E5A87AF741A1B037ADFC5B28347B0CDCB2CB889ACB79496C1B2
render/r24-145.png	777179	FF93A6457F9D1402377EECD9EC5670704EF809CDBFE5962B5C2FD58B186F1251
render/r24-146.png	800254	A375D50B8F3522FE575DB417863E74A5E199540F71CD0F7924567BED8B73C30F
render/r24-147.png	885495	FA63403F26783A2D8BD9DC8BE039873106BEFDF3ED80F27C9EF234F8D5743186
render/r24-148.png	662414	36853C5A867700B0754F253687BA17597C9D7587BE467B99E814A95E85171AFB
render/r24-149.png	639332	7938BBA2EED1F1A8AC652958C573640BDD26360996285F7BF0AC9AFDE6E9B855
render/r24-150.png	465697	4D2AF21F2576680B8F604CF387AD5001C1D59C7BBD774437F8C2A9724E6FD950
render/r25-001.png	91304	2A75BF3EC543CF1144D3ED194AF6708C8DAE682503FAFCD37903DE963EEABF66
render/r25-002.png	332924	10F8F8FD7D620696B3A8DAFCBAB57CF917BA8D0FBAC6896A8D299AFEAFA72162
render/r25-006.png	131556	EA1AF6D5299A2B6BCED4521B4C0A9E8EA99B9F5FB837A2E98DF64D769859C554
render/r25-149.png	639332	7938BBA2EED1F1A8AC652958C573640BDD26360996285F7BF0AC9AFDE6E9B855
render/r25-150.png	465697	4D2AF21F2576680B8F604CF387AD5001C1D59C7BBD774437F8C2A9724E6FD950
render/r25-151.png	410894	ABA2CA08E2D3F1F5F933EEE759A3A8D44FFA4B6A7EC316F727F2313E2BD92FA7
render/r25-152.png	115475	CDB777CF1940E441473139E4E42A2CAB43D61FA46346CD01BD49C7D1120E494F
render/r26-001.png	91335	4996A94A595D90D0C949422319296E57D27406C21AE03DAE6E32F2193273E114
render/r26-002.png	339683	C070EF2CEB1CD0A1992A27C45C1FCEF547A5016C52EED51E78369AEEB8F91448
render/r26-006.png	160798	06D530AE336C313BBAF3D2068AC176FD28B3883EEC6F72A50FDB71CA4EEB8BED
render/r26-149.png	639332	7938BBA2EED1F1A8AC652958C573640BDD26360996285F7BF0AC9AFDE6E9B855
render/r26-150.png	465697	4D2AF21F2576680B8F604CF387AD5001C1D59C7BBD774437F8C2A9724E6FD950
render/r26-151.png	410894	ABA2CA08E2D3F1F5F933EEE759A3A8D44FFA4B6A7EC316F727F2313E2BD92FA7
render/r26-152.png	658898	F869C1DF0E2FCCEE88548B368FBD2BB6FCB8AB28949630AC479EC5C29C3C6C99
render/r26-153.png	766910	2D45F986448A362470012A4B2754E858BDB7100D9F4E947D9FE787CF8EA4E0DB
render/r26-154.png	714034	2563F46FAA2C8D5734F67A0083747E53972C771A643EEAC2335670AEEF7621D5
render/r26-155.png	589540	2EF23BD894C5D25720E0D5A877CB2B9FCF255A1FB8146B877FE4D03FD3DA1E15
render/r26-156.png	150975	64DC4F04B22D4335577808AA39E445B4621F4C6669D19A5D7DC3C59C492BDB32
render/r26-front-contact.png	1395611	E45589EC18A3218C17B7F81768052E63BB985CC60A67A5831CAB576F063C8981
render/r26-tail-contact.png	6394891	CA5671CA7745BD9C5E3166BFEB87808362A5BC08CE3A0725AB8007D7CEE0830F
render/r27-001.png	91335	4996A94A595D90D0C949422319296E57D27406C21AE03DAE6E32F2193273E114
render/r27-002.png	369595	4BFAB8654E3D119CB34F09018FD28B87551B648B114B668C79C96B4118D0074A
render/r27-007.png	326038	02FEC9B6C45C9043A28BD32BDF734A2CE0FEAFF791F67E1E1B404596D082FD13
render/r27-013.png	334824	A0CAAB3F1B33F72D54CD2BE941F8F7A65F6E3B1DA133028ACB4BD72CAD5B465D
render/r27-114.png	331306	C2C856C4399BA194CB1BC29062C28418DEFF56A27C685EE06553D895040D58B6
render/r27-218.png	21010	8AA0B7DBD391400BE3360B470B73FE648FC8431BFCB3A0700F2658C05DD5B8DA
render/r27-219.png	464660	A62D82369DA5A2C521DBE4C63669FA9125127BFF9F8FCA29CB123F1DBE3A1FEE
render/r27-220.png	212299	5EC2820D1256AE3F73C113F908B022C8CE7881E435F2F3F548B9124DCA54A7DB
render/r27-224.png	468761	EF937596B9EA26B7DE9C9241F46E3588E6A142E1AB8220C5C00FA4DFA36E7FDA
render/r27-228.png	113570	DB134CFDD6C9360DCFB573EA816BD5D33C6BBDF3DFD1FDEBDDAC70D83B1ADE15
render/r28-p001.png	91321	1A85CB85B44454A0A696EADB2F9C62D44418CA8D8E131B82DECC627D607C7DC4
render/r28-p002.png	371336	FE70F564827F558764292D451C293C7012C9497A938D4E7A67FC4C6930AB8032
render/r28-p007.png	326038	02FEC9B6C45C9043A28BD32BDF734A2CE0FEAFF791F67E1E1B404596D082FD13
render/r28-p013.png	334824	A0CAAB3F1B33F72D54CD2BE941F8F7A65F6E3B1DA133028ACB4BD72CAD5B465D
render/r28-p114.png	331306	C2C856C4399BA194CB1BC29062C28418DEFF56A27C685EE06553D895040D58B6
render/r28-p218.png	21010	8AA0B7DBD391400BE3360B470B73FE648FC8431BFCB3A0700F2658C05DD5B8DA
render/r28-p219.png	464660	A62D82369DA5A2C521DBE4C63669FA9125127BFF9F8FCA29CB123F1DBE3A1FEE
render/r28-p220.png	212299	5EC2820D1256AE3F73C113F908B022C8CE7881E435F2F3F548B9124DCA54A7DB
render/r28-p224.png	468761	EF937596B9EA26B7DE9C9241F46E3588E6A142E1AB8220C5C00FA4DFA36E7FDA
render/r28-p228.png	430568	05A02587E9CE0FE7D796D3CB78C78AA1C65225603AE14A3B9BF50DD0E8388BE7
render/r28-p229.png	53434	378C4A068E482B4AFBFD034E1EFC3E96D1A52853CFDDB04BE8AAD63EAEF648B3
render/r29-p001.png	91259	C5B1E3D581B2A57C2ED63ACC056EB34B4552459699FC0A53EA94A890FC1D1CF0
render/r29-p002.png	371292	467E990F67BFBE4C3BD983486514D1DAD4BC82FCB7557D448B46F8B782EFDC5A
render/r29-p007.png	326038	02FEC9B6C45C9043A28BD32BDF734A2CE0FEAFF791F67E1E1B404596D082FD13
render/r29-p013.png	334824	A0CAAB3F1B33F72D54CD2BE941F8F7A65F6E3B1DA133028ACB4BD72CAD5B465D
render/r29-p114.png	331306	C2C856C4399BA194CB1BC29062C28418DEFF56A27C685EE06553D895040D58B6
render/r29-p218.png	21010	8AA0B7DBD391400BE3360B470B73FE648FC8431BFCB3A0700F2658C05DD5B8DA
render/r29-p219.png	464660	A62D82369DA5A2C521DBE4C63669FA9125127BFF9F8FCA29CB123F1DBE3A1FEE
render/r29-p220.png	212299	5EC2820D1256AE3F73C113F908B022C8CE7881E435F2F3F548B9124DCA54A7DB
render/r29-p224.png	468761	EF937596B9EA26B7DE9C9241F46E3588E6A142E1AB8220C5C00FA4DFA36E7FDA
render/r29-p229.png	392226	1BE5A1CBF5F7CD6A6E2599BFFEFF02C59BF859E09AF25D23C3DCE152EE999D68
render/r29-p230.png	384485	7F806086F75D5581D5455B7A3170648ED1E382B08C5C6E580014F4C4A202724B
render/r29-p231.png	95336	22DDDF6AA7A2101EAB1C3CC4FA90F3AB3A47DA340BB33BEB551271B660F98D2C
render/r30-p001.png	91462	4111C26CE44A8F3F0068C07D521DDB6E74C23757C6CBB89DCFF029D74E96B4C7
render/r30-p002.png	357562	081CAB5F74ED6EBCAD752DFF9DCE595553F3BF187017D4B698BE9EF3736702B5
render/r30-p007.png	326038	02FEC9B6C45C9043A28BD32BDF734A2CE0FEAFF791F67E1E1B404596D082FD13
render/r30-p013.png	334824	A0CAAB3F1B33F72D54CD2BE941F8F7A65F6E3B1DA133028ACB4BD72CAD5B465D
render/r30-p114.png	331306	C2C856C4399BA194CB1BC29062C28418DEFF56A27C685EE06553D895040D58B6
render/r30-p218.png	21010	8AA0B7DBD391400BE3360B470B73FE648FC8431BFCB3A0700F2658C05DD5B8DA
render/r30-p219.png	464660	A62D82369DA5A2C521DBE4C63669FA9125127BFF9F8FCA29CB123F1DBE3A1FEE
render/r30-p220.png	212299	5EC2820D1256AE3F73C113F908B022C8CE7881E435F2F3F548B9124DCA54A7DB
render/r30-p224.png	468761	EF937596B9EA26B7DE9C9241F46E3588E6A142E1AB8220C5C00FA4DFA36E7FDA
render/r30-p229.png	392226	1BE5A1CBF5F7CD6A6E2599BFFEFF02C59BF859E09AF25D23C3DCE152EE999D68
render/r30-p230.png	384485	7F806086F75D5581D5455B7A3170648ED1E382B08C5C6E580014F4C4A202724B
render/r30-p231.png	375830	BAAB185A424912FF3CFF3B68870F5E7E68298436328E1A37955E4402F19FDE1B
render/r31-p001.png	91390	BD52335F154E4FD152A5C0BFD3BE00136E14B8184A75416D44B37A333BD17264
render/r31-p002.png	355194	86BFE4DA57489F683D4C4F4A4064F07BB33B4D1C3F1C685E7CAB490E541E19EA
render/r31-p003.png	39635	B40FD0E1C2C3B6BCBF0A9FB57F2D8F917D86C25C3BB369677810E7260294760C
render/r31-p006.png	176809	38AB36613C2358BFE1775F833E43235FE7A9EBDA47519E17830D2A84A6ACBD73
render/r31-p007.png	326038	02FEC9B6C45C9043A28BD32BDF734A2CE0FEAFF791F67E1E1B404596D082FD13
render/r31-p013.png	334824	A0CAAB3F1B33F72D54CD2BE941F8F7A65F6E3B1DA133028ACB4BD72CAD5B465D
render/r31-p229.png	392226	1BE5A1CBF5F7CD6A6E2599BFFEFF02C59BF859E09AF25D23C3DCE152EE999D68
render/r31-p230.png	384485	7F806086F75D5581D5455B7A3170648ED1E382B08C5C6E580014F4C4A202724B
render/r31-p231.png	491379	FC2E310515D21AEBDC24971D2E6A912A3C41364D2F68A742D66D1877C85CA127
render/r31-p232.png	249785	11256104701E3903B03B192CFA2EA6FD67FD5E78219993704AD2B8122CCD1AEA
render/r32-p001.png	91298	0777CEA7BE974D0F02FA57C31B8AE5B69653F4A56A0E717F7EA1FE3557617E32
render/r32-p002.png	357634	AADCC1E6EE3FBFC1D5B21876C94285958DE362928E71A379A1D550AF4FA28BF9
render/r32-p006.png	176809	38AB36613C2358BFE1775F833E43235FE7A9EBDA47519E17830D2A84A6ACBD73
render/r32-p231.png	491379	FC2E310515D21AEBDC24971D2E6A912A3C41364D2F68A742D66D1877C85CA127
render/r32-p232.png	478887	D45F938139013F34C53622988198FD42F858F605719DDDD672B56FB72D2F9310
render/r32-p233.png	106127	E24AA136785297E4F635274498DEFE5A88680449BFD1CB6A9D7DC13B28F9F239
render/r33-p001.png	91222	F05836AF4790E03D7D413B30EF09C4377524AEE3AE331E097A91AA9F7F099B9A
render/r33-p002.png	357554	12F4C5CDFDAAF9F649889C8FDFF0BA9DE8A4B486F358C5BD6FCCB2EAEA0CB9B1
render/r33-p006.png	176809	38AB36613C2358BFE1775F833E43235FE7A9EBDA47519E17830D2A84A6ACBD73
render/r33-p232.png	478887	D45F938139013F34C53622988198FD42F858F605719DDDD672B56FB72D2F9310
render/r33-p233.png	417821	A13421F92A0D358179FC0B9687FF9AD3BF58C0E657CAEAF4CE4A42ECECC7251A
render/r33-p234.png	199936	0BCA7BC90A1CBB4DB76E2D79E030575FC178C86ABC7651F9DBCF44EEC58CE883
render/r34-p001.png	91215	F445A63094653EC3A5652B998DFCD6185455E8B89D691B67977339FCF2FB2EBF
render/r34-p002.png	358688	74B966A3DB768F1ECF19429F466B55DB51DE70373318228BFD17904C2818C342
render/r34-p006.png	189656	491F22AF36DAB445E1ECA5614D37E137D76A38B98FE3617FF3DCE3345BF4F0C8
render/r34-p233.png	417821	A13421F92A0D358179FC0B9687FF9AD3BF58C0E657CAEAF4CE4A42ECECC7251A
render/r34-p234.png	408407	60BCECB725089948CA47533C39746377C6C1B5CDE0F9AC74EE72E2EBDA8817AA
render/r34-p235.png	173610	788125F142B7EAAC0EC1C4CA411528A9D111B7DF427BAA3A65961EE76B9776B0
render/r36-p001.png	91321	850D1FBA51ADB68386D499EABAD06A6E99FB34EC3657289CD16929DAEB2CFBD4
render/r36-p002.png	368393	E80F933949F2F34E2B806DC3FB4272BDA49A626D4DAF2180B22D3108E38445B6
render/r36-p006.png	189656	491F22AF36DAB445E1ECA5614D37E137D76A38B98FE3617FF3DCE3345BF4F0C8
render/r36-p233.png	417821	A13421F92A0D358179FC0B9687FF9AD3BF58C0E657CAEAF4CE4A42ECECC7251A
render/r36-p234.png	408407	60BCECB725089948CA47533C39746377C6C1B5CDE0F9AC74EE72E2EBDA8817AA
render/r36-p235.png	488412	62D1D8E8933C5E627EE0A56EAA313B16ACD90C967010C69E9FFA1B9EE34F9679
render/r36-p236.png	478729	1D1C0F103A5DFBBAA46E7CDA701713B52D161113FB44C06DFBDFF021753BCFE7
render/r36-p237.png	286108	40D30B8FF3CE84519637BEC09F548E476F144F609C49CC9A98BFD3ED588B0D01
render/r37-p001.png	91501	E087A30C56F76DF99A1762B4C9C8313453F266759AE38F560036CA7C3836199B
render/r37-p002.png	368720	2B465597A421963A802C3437CD6CA75B26864974097F0EC01128BACCE9C82252
render/r37-p006.png	189656	491F22AF36DAB445E1ECA5614D37E137D76A38B98FE3617FF3DCE3345BF4F0C8
render/r37-p236.png	478729	1D1C0F103A5DFBBAA46E7CDA701713B52D161113FB44C06DFBDFF021753BCFE7
render/r37-p237.png	574945	BA2C144EA19A407BDD727A373FED338614EA3EE32997293296DCD0ED647F33E9
render/r37-p238.png	134494	4AEC28026EB31066E39C74C1BF02804D704A132B987F4969282851C1CA9ED7C3
render/r38-p001.png	133699	8A9C079746DC9D2BAACE84D02E46635FAE87E8073D483A88C962590ED82116E6
render/r38-p002.png	494472	97F4435291368165C762F357F86E6FCD3AEC2F5ACA41C764D9C0A7D110957723
render/r38-p006.png	273914	BD71C92D1810D28FE7F9289F4FF20D38452A7970F0CE5BBE742209A7E3B01977
render/r38-p237.png	818805	F639B832388C5839EA866E69E04479ACCC88FDB9154CE82D75511CBA5D8F10F2
render/r38-p238.png	733896	3343138791A864AECF7584DB54BA7A375FE5EC613E7D82E6093C210CB66ECDF9
render/r38-p239.png	209400	8D2157D299589D0A6743DBDF720A2FEF2E5336F2544A5A6C685E5E2DE9ACA834
render/r39-p001.png	134324	EB3BA6DE9AAEFC34A5FD0626EDC073292D947B36566C2DBE64AB0281C1AAE917
render/r39-p002.png	493080	8C9887A12AFD6E6A818D9BCB72E1B4A13C2C37B7255B2A55B5C8631FA4D69B95
render/r39-p006.png	273914	BD71C92D1810D28FE7F9289F4FF20D38452A7970F0CE5BBE742209A7E3B01977
render/r39-p025.png	527667	ED52AAFE71FFF6B2C9E82D89F6D6AEFAF955DF6A45C4AAC7B0F8019929642EE4
render/r39-p103.png	665411	2C3293091B6EFF708F33FE20617221DC6EA924319ECB17AF886CCB7C27424E63
render/r39-p104.png	657630	E0C0DDCAE41F005F96202F7648E9B7AD8C9AA35F0B1B7138EFF526BBA9A718E8
render/r39-p107.png	646550	DA1BFFDDA7029E45685E61A40022A8525D31016AB3D3644909532F01D328D52F
render/r39-p109.png	694631	1B516FB852A37456893E01F3C62A810646E3EBD0150771DE28B31CA0A145519A
render/r39-p171.png	656310	5A113FE7CCCFC4066BC7B897BE01EE10D6776213FF1FC068B1001F609C11913C
render/r39-p237.png	821844	2B6E8C93047FE4A2EE3F7102E421B6A14831444A07BF7F99C349A999E5B3434E
render/r39-p238.png	735691	57A31AAC8B75AA3C43EA2356B98200A20D03CCF5FB28925454E0A8EC0D651C1E
render/r39-p239.png	676635	A72C2BDCC2C17E3FC4972375C53C713FC0534C698200B68EC3B27FA773ADBA0D
render/r39-p240.png	223604	9D71B2B992F093BDC05C7496BD9734FAA40CCAD3DEBE9EEC05D512655C82D574
render/s106-132.png	809989	159C66F0793760976FEED4999265A754D541F00ACE7894AC6A3F8FD518DC7330
render/s106-133.png	145389	97B3555D5520ED143F76FB360CBF566ADFA1BF502C291779EDCF5551CD89FEE3
render/s106-134.png	465776	2AEB928404935DA88CEA85070672A6760427C6118DED55040A3E49552910798F
render/s106meta-002.png	211137	03E84B3770F82ABE00FDF0BD6CABD0420AB7C72D16D744B577534190C0756B33
render/s107-001.png	90271	D3F79B467617E21674572FC7EB37BFD50A04C3B25293292661B4EF47D86C6BA3
render/s107-132.png	809989	159C66F0793760976FEED4999265A754D541F00ACE7894AC6A3F8FD518DC7330
render/s107-133.png	480282	C14EADF8136F0DD32115A12749478F596649614205B676A500CBE561E34D3BF8
render/s107-134.png	465776	2AEB928404935DA88CEA85070672A6760427C6118DED55040A3E49552910798F
render/s107meta-002.png	231385	D861B1277092B482AEB42010B4396C3F3CF175C04C32A99BCCEB04B391D66438
render/s107toc-006.png	53698	5116CB1CD356AAD29DC072F7C579CF6995FA6E5FAFFD91A1F9149DE271B2EE43
render/s108-001.png	90347	06CF965ABA65E41C040DA89E201A5819F203CD35547B91DF23D85A154FEBB11B
render/s108-132.png	809989	159C66F0793760976FEED4999265A754D541F00ACE7894AC6A3F8FD518DC7330
render/s108-133.png	563633	789E0C69A448F4797C87C556779C652B48CBBD3283AF21300E5654208ECBB4C3
render/s108-134.png	321380	D39D1A22A885A29A9AC63C794DA13D71B68050802117948788D264CF662FCBEF
render/s108-135.png	465636	41BD89C4529F083BDE83CD0A03BB31F1AAE10D8A54E310F480B7E77EC6B43128
render/s108meta-002.png	231851	F111837D2C37519D96297719C1CBCBA198F4D2B88CE68CD6E1AE4BAB72121EE5
render/s109-001.png	90801	88C925A839FD3E6424DD64B4DF6077B6E4313A6129D666417DA194C8058EBE82
render/s109-133.png	563633	789E0C69A448F4797C87C556779C652B48CBBD3283AF21300E5654208ECBB4C3
render/s109-134.png	739892	0322BB5A33128CE935AA72860A022FA3885082307ED93D2D4E80E3363AFF6EFA
render/s109-135.png	465636	41BD89C4529F083BDE83CD0A03BB31F1AAE10D8A54E310F480B7E77EC6B43128
render/s109meta-002.png	231512	743CB92F7C55F00C7C983359FB78F7B445D62F81B3D2739F439EF1B646C6B254
render/s110-001.png	89060	EE00B87268F773E33B43A6664B0FE6420CECC1D24C291C91256ADC4800997739
render/s110-133.png	563633	789E0C69A448F4797C87C556779C652B48CBBD3283AF21300E5654208ECBB4C3
render/s110-134.png	799247	72478369AFA8E6CD9DB453469A3B09BCC04471D4714590BF47B96B052203F2AA
render/s110-135.png	364301	3798A3AA7B394A14EF9FE76E5A3165AC9896019C8ADF4420788DF61A576A8077
render/s110-136.png	465723	0DA08B7600215BB9CA20D06F2B2CBC1572A2AB6786248746309AB33760BEEE11
render/s110doi-002.png	216911	C6E9CE3A91FC2DEE672E52088E39F595A5C02E3DCE0B1DED6F69455E63F779F3
render/s110meta-002.png	229853	1EA6F66A96D55349372EF9507E93734012022D01CE2E59E2F807817CB366E091
render/s111doi-002.png	225689	9582C598A64B8B49D7C3096D25005B1CA71AD709FD0B0CF8E9057B5A366308A6
render/s111r143-001.png	92336	FA8AD947A773F8460C620293A2BD3B9ABF3AD49100E90E57AA4D178492032C36
render/s111r143-134.png	799247	72478369AFA8E6CD9DB453469A3B09BCC04471D4714590BF47B96B052203F2AA
render/s111r143-135.png	726055	8F0A85160326AB7D1400DC9F75E5735A05EB6E33B53D82403D6EBFA102B0F391
render/s111r143-136.png	465723	0DA08B7600215BB9CA20D06F2B2CBC1572A2AB6786248746309AB33760BEEE11
render/s111r143meta-002.png	226287	7F3FFD6330F8DA03921E4E6988635A9E44E6DEF703C7B8D56A2DFFDEF9AB3933
render/s112doi-002.png	237506	825151C735E4127C1BCCC516CC8BCF491B3E628EFB2EC3008A8FED3887FBC428
render/s112r145-001.png	92903	0E21E71324633E7B5F9CF2701121934B751812793026CD72A3CA4C6B78EC2445
render/s112r145-134.png	799247	72478369AFA8E6CD9DB453469A3B09BCC04471D4714590BF47B96B052203F2AA
render/s112r145-135.png	770330	DC10E217056DB17816A8F5930DAF9F7C4A4A13DC69B5766EB1FBB34AFE23F9A6
render/s112r145-136.png	363356	6F5CD14DA021F8E2D65F6696837310B96B6D04FF26D8F48871AC4A99C87D5A64
render/s112r145-137.png	465913	319726BCA45307DE9824E14DCE1B8CABE674459A1ED390DBDFE3351FA38D1DC5
render/s113r148-001.png	92768	385E1D4C4B0481CDE20D620D9736A8DFA7487FF60498FFBE10436845B6C7A04E
render/s113r148-002.png	236251	E969104D7B816BD91ABFF0BB1358FA12CD97248691FC44B587AF659B2BE780E5
render/s113r148-006.png	59983	5DCDAC77F6DBCDE63E2069A2D06C13673CE14056A0903E51A813E5499D200A88
render/s113r148-135.png	770330	DC10E217056DB17816A8F5930DAF9F7C4A4A13DC69B5766EB1FBB34AFE23F9A6
render/s113r148-136.png	575774	02DAEDAED1207BD922F4920E16D7A37E7C3A22EB6DEEF2C7E00132062EBBE3B6
render/s113r148-137.png	465913	319726BCA45307DE9824E14DCE1B8CABE674459A1ED390DBDFE3351FA38D1DC5
render/s114r150-001.png	89401	11BF29E0B8C7C1AD104523D316FA87B32814F18B9544BE28DAB416E7FCA3C650
render/s114r150-002.png	220624	9A0EDA836A7854EF31130A9D08E7383C33E0D7A06E0ABF86414F9581FA0FF05D
render/s114r150-006.png	69910	2ABAF9FB4017BD16566F50A5ABD220BDD634DF0F19E66ECD7AE3206011B8D524
render/s114r150-135.png	770330	DC10E217056DB17816A8F5930DAF9F7C4A4A13DC69B5766EB1FBB34AFE23F9A6
render/s114r150-136.png	762286	3A3F7AED8927EDD10D938EF28D3EC04E52466FD24A24B5FA3B4C2A70B6F87D8D
render/s114r150-137.png	197338	2435911FD93256E81C73545A763141631C5A07BA2CBA4EADCE2DD954F0714BBB
render/s114r150-138.png	465614	ED66668D3DC94D495A881497DCB8017D537C5CC4DEF3462080D4C5E0B3AB34A8
render/s115r152-001.png	92339	CA2CC531316C4FBB81AD20AE4E231BECDDED1E6CDE502D70D7FB324BCF0CBB4E
render/s115r152-002.png	238424	DC129210CCF670B125CF51BE12A1EABB341007CEA891F05196EBA762BD3AEC4F
render/s115r152-006.png	69910	2ABAF9FB4017BD16566F50A5ABD220BDD634DF0F19E66ECD7AE3206011B8D524
render/s115r152-136.png	762286	3A3F7AED8927EDD10D938EF28D3EC04E52466FD24A24B5FA3B4C2A70B6F87D8D
render/s115r152-137.png	631183	3994AAC37C64BFFC9C784D10D963EBC0FDF3C14F1E7BFDE40FAB2B6BCED40C40
render/s115r152-138.png	465614	ED66668D3DC94D495A881497DCB8017D537C5CC4DEF3462080D4C5E0B3AB34A8
render/s116r153-001.png	89629	60F6C496389359EC829D15307EA4F1D6500EEF8596060AA88066F41456569728
render/s116r153-002.png	243793	9F5BC6C7C57ED33F04B90AEC305759251D8369BC3C36AB5ED3FDB8906E75E0F4
render/s116r153-006.png	69910	2ABAF9FB4017BD16566F50A5ABD220BDD634DF0F19E66ECD7AE3206011B8D524
render/s116r153-136.png	762286	3A3F7AED8927EDD10D938EF28D3EC04E52466FD24A24B5FA3B4C2A70B6F87D8D
render/s116r153-137.png	846843	3F0FD4B517387887B0357508398AFD40CCC33D13729BA24F73B822D2143C6B3D
render/s116r153-138.png	255437	FDDAA4655DDEADAB33ED7B52CB07CD22552E176983BA5AD5F4CE092D7243FF51
render/s116r153-139.png	465961	1132C0BBE9205ABD34C1CD49E197B51D4EF3BF5E465ACD0DFFC107D9EECCFE71
render/s116r154-001.png	89629	60F6C496389359EC829D15307EA4F1D6500EEF8596060AA88066F41456569728
render/s116r154-002.png	286441	A47113C05631D21FDC43EF0DDB160DA93ECC804F1AFF31D6148999AD0CEF06AE
render/s116r154-006.png	69910	2ABAF9FB4017BD16566F50A5ABD220BDD634DF0F19E66ECD7AE3206011B8D524
render/s116r154-136.png	762286	3A3F7AED8927EDD10D938EF28D3EC04E52466FD24A24B5FA3B4C2A70B6F87D8D
render/s116r154-137.png	846843	3F0FD4B517387887B0357508398AFD40CCC33D13729BA24F73B822D2143C6B3D
render/s116r154-138.png	255437	FDDAA4655DDEADAB33ED7B52CB07CD22552E176983BA5AD5F4CE092D7243FF51
render/s116r154-139.png	465961	1132C0BBE9205ABD34C1CD49E197B51D4EF3BF5E465ACD0DFFC107D9EECCFE71
render/s117r155-001.png	90133	756477DD03A4798A86B09710AEAFBBB111BDB370A2EEE27977818E9CF910356B
render/s117r155-002.png	286098	7109FED4E024A943A15C882A1704FBAF84E58D58484AF5C9D375DA655B64A513
render/s117r155-137.png	846843	3F0FD4B517387887B0357508398AFD40CCC33D13729BA24F73B822D2143C6B3D
render/s117r155-138.png	590332	4D5AA1639586D638085C0DADE7C927A2E5F02507A63E790D46CE45E7757C04F9
render/s117r155-139.png	465961	1132C0BBE9205ABD34C1CD49E197B51D4EF3BF5E465ACD0DFFC107D9EECCFE71
source-checks/EGAI-physical202-printed203.png	350085	396CF6BA767B04B02B20BE4C6F9BEFF13E59A8334E11300015A114C2BC56446C
source-checks/EGAI-physical209-printed210.png	417665	09F841705D99E72FD4BE3B4609E13353E49685A602E448758B73AFB75C676573
terminology/arxiv/2026-08-23/README.md	3250	96E0F794D2C1CA97AD33E8DF189FB827DD222C1EA793581ABC8ED8C81BD969A6
terminology/arxiv/2026-08-23/WORKFLOW_RECORD.jsonl	59148	CE02D11ED4E224764CEB88B0E215C499594093D98EB461FDF55E6085B8DEE0AA
terminology/arxiv/2026-08-26/1603.00618v2.pdf	251533	EAEB4025416C327B5FF54DF4C5972826CF5DE199C1622D8538AA8323924F9C77
terminology/arxiv/2026-08-26/1603.00618v2.txt	64085	6E0381663F1E71AE4F4C1D4051BB311A9F32CDD91CAECC75EF86D76134BEFB4F
terminology/arxiv/2026-08-26/1803.01127v1.pdf	400724	B95550E965A49EF14ACE28ABCE1FBB212C35E8B421805878F815250BCB370253
terminology/arxiv/2026-08-26/1803.01127v1.txt	45003	85F437D6212F2008BAE6FA6F985A84F9C81DAE4BBED04858314B42135DF648BF
terminology/arxiv/2026-08-26/2301.11539v2.pdf	473616	F32F83DBD9620B8130F38ABAAF1B685BD765337064C096BB9C88D7AFDE1B0178
terminology/arxiv/2026-08-26/2301.11539v2.txt	57909	9C01568ADD6DCE842FDBBAD0DB7DF3EC0E2BDC4478938AC687374A628933B1CC
terminology/arxiv/2026-08-26/README.md	1432	8A18435FD88BE64A6BA7508DABC2193A456F40C91A994E4F4545D8B6486388C2
terminology/arxiv/2026-08-26/SOURCE_SET.json	2498	3FAE9E4999A1607C6A647E9EEB943501E333A0191A5B81AF88CA24444D3F70F3
terms.jsonl	263512	756644F578732E9A41770CB6EE86F3BD6C39331AAA0A39F84A06FCA4A054D250
